dataset,modo,config,threads,block,schedule,chunk,tempo_ms,throughput_pts_s,speedup_seq,speedup_omp
g,seq,seq,,,NA,NA,33.9,29498525.073746312,1.0,
g,omp,"omp_T8_dynamic,chunk=1024.0",8.0,,dynamic,1024.0,10.667,93747070.40404987,3.1780256866972905,
g,mpi,mpi_P4,4.0,,NA,NA,21.778,45917898.796951056,1.5566167692166406,0.4898062264670769
m,seq,seq,,,NA,NA,1.8,55555555.55555555,1.0,
m,omp,"omp_T1_static,chunk=256.0",1.0,,static,256.0,1.961,50994390.617032126,0.9178990311065782,
m,mpi,mpi_P4,4.0,,NA,NA,2.07,48309178.74396136,0.8695652173913044,0.9473429951690823
p,seq,seq,,,NA,NA,0.1,100000000.0,1.0,
p,omp,"omp_T1_static,chunk=64.0",1.0,,static,64.0,0.133,75187969.92481202,0.7518796992481203,
p,mpi,mpi_P1,1.0,,NA,NA,0.251,39840637.4501992,0.39840637450199207,0.5298804780876494
