dataset,modo,config,threads,block,schedule,chunk,tempo_ms,throughput_pts_s,speedup_seq,speedup_omp
g,seq,seq,,,NA,NA,34.4,29069767.441860467,1.0,
g,mpi,mpi_P8,8.0,,NA,NA,21.448,46624393.882879525,1.6038791495710554,
m,seq,seq,,,NA,NA,2.4,41666666.66666667,1.0,
m,mpi,mpi_P2,2.0,,NA,NA,1.79,55865921.7877095,1.3407821229050279,
p,seq,seq,,,NA,NA,0.1,100000000.0,1.0,
p,mpi,mpi_P1,1.0,,NA,NA,0.212,47169811.32075472,0.47169811320754723,
