dataset,block,grid,h2d_ms,kernel_ms,d2h_ms,total_ms,throughput_pts_s,speedup_seq
g,128.0,7813.0,,,,158.6,6305170.239596469,0.20365699873896595
g,256.0,3907.0,,,,165.1,6056935.190793458,0.1956390066626287
g,512.0,1954.0,,,,154.1,6489292.667099287,0.20960415314730693
m,128.0,782.0,,,,147.5,677966.1016949152,0.01152542372881356
m,256.0,391.0,,,,152.9,654022.2367560497,0.011118378024852844
m,512.0,196.0,,,,148.6,672947.5100942127,0.011440107671601616
p,128.0,79.0,,,,158.4,63131.31313131313,0.0006313131313131314
p,256.0,40.0,,,,143.9,69492.70326615706,0.0006949270326615705
p,512.0,20.0,,,,147.6,67750.67750677507,0.0006775067750677508
