dataset,block,grid,h2d_ms,kernel_ms,d2h_ms,total_ms,throughput_pts_s,speedup_seq
g,128.0,7813.0,0.834,2.393,3.768,169.1,5913660.555884092,0.20165582495564757
g,256.0,3907.0,1.044,2.448,3.475,172.1,5810575.246949448,0.1981406159209762
g,512.0,1954.0,1.221,2.542,3.607,182.7,5473453.749315819,0.18664477285166942
m,128.0,782.0,0.211,0.25,0.818,167.6,596658.7112171837,0.011336515513126491
m,256.0,391.0,0.166,0.215,0.662,160.6,622665.0062266501,0.011830635118306352
m,512.0,196.0,0.184,0.236,0.681,173.0,578034.6820809249,0.010982658959537572
p,128.0,79.0,0.106,0.115,0.377,160.8,62189.05472636816,0.0006218905472636816
p,256.0,40.0,0.118,0.11,0.393,155.9,64143.68184733803,0.0006414368184733804
p,512.0,20.0,0.113,0.121,0.386,154.6,64683.05304010349,0.000646830530401035
